{"resourceType":"StructureDefinition","id":"Observation-smokingstatus","url":"https://healthsamurai.github.io/igpop-example/StructureDefinition/Observation-smokingstatus","name":"Observation","title":"US Core Observation Profile","status":"active","experimental":false,"date":"2021-03-23","publisher":"US Core","description":"This profile sets minimum expectations for the Observation resource to record,\nsearch and fetch smoking status data associated with a patient. It identifies\nwhich core elements, extensions, vocabularies and value sets SHALL be present\nin the resource when using this profile.\n","fhirVersion":"4.0.1","kind":"resource","abstract":false,"type":"Observation","baseDefinition":"http://hl7.org/fhir/StructureDefinition/Observation","derivation":"constraint","differential":{"element":[{"id":"Observation.status","path":"Observation.status","mustSupport":true,"requred":true,"binding":{"valueSet":"https://healthsamurai.github.io/igpop-example/ValueSet/observation-smoking-status-status","strength":"extensible","description":null}},{"id":"Observation.code","path":"Observation.code","mustSupport":true,"min":1,"binding":{"valueSet":"https://healthsamurai.github.io/igpop-example/ValueSet/smoking-status-observation-codes","strength":"extensible","description":null}},{"id":"Observation.subject","path":"Observation.subject","mustSupport":true,"min":1,"refs":["/Patient"]},{"id":"Observation.issued","path":"Observation.issued","mustSupport":true,"min":1},{"id":"Observation.value[x]","path":"Observation.value[x]","mustSupport":true,"min":1,"type":[{"code":"CodeableConcept"}],"CodeableConcept":{"description":"Smoking Status VS","valueset":{"id":"observation-smokingstatus"}}}]}}