{"resourceType":"StructureDefinition","id":"Task","url":"https://healthsamurai.github.io/igpop-example/StructureDefinition/Task","name":"Task","title":"US Core Task Profile","status":"active","experimental":false,"date":"2021-03-23","publisher":"US Core","description":"A task to be performed.","fhirVersion":"4.0.1","kind":"resource","abstract":false,"type":"Task","baseDefinition":"http://hl7.org/fhir/StructureDefinition/Task","derivation":"constraint","differential":{"element":[{"id":"Task.language","path":"Task.language","mustSupport":true},{"id":"Task.text","path":"Task.text","mustSupport":true,"min":1},{"id":"Task.identifier","path":"Task.identifier","mustSupport":true,"min":1,"max":"*"},{"id":"Task.basedOn","path":"Task.basedOn","mustSupport":true},{"id":"Task.status","path":"Task.status","mustSupport":true},{"id":"Task.owner","path":"Task.owner","mustSupport":true,"type":[{"code":"Reference"}]},{"id":"Task.location","path":"Task.location","mustSupport":true,"type":[{"code":"Reference"}]},{"id":"Task.note","path":"Task.note","mustSupport":true},{"id":"Task.input","path":"Task.input","mustSupport":true},{"id":"Task.input.type","path":"Task.input.type","mustSupport":true},{"id":"Task.input.value[x]","path":"Task.input.value[x]","mustSupport":true,"min":1,"type":[{"code":"boolean"},{"code":"code"},{"code":"Address"}]}]}}