{"resourceType":"ValueSet","id":"detailed-race","url":"https://healthsamurai.github.io/igpop-example/ValueSet/detailed-race","name":"DetailedRace","title":"detailed race","status":"active","date":"2021-03-24T12:08:18Z","compose":{"include":[{"system":"urn:oid:2.16.840.1.113883.6.238","concept":[{"code":"1000-9","display":"Race","definition":"Race"},{"code":"1004-1","display":"American Indian","definition":"American Indian"},{"code":"1735-0","display":"Alaska Native","definition":"Alaska Native"},{"code":"1006-6","display":"Abenaki","definition":"Abenaki"},{"code":"1008-2","display":"Algonquian","definition":"Algonquian"},{"code":"1010-8","display":"Apache","definition":"Apache"},{"code":"1021-5","display":"Arapaho","definition":"Arapaho"},{"code":"1026-4","display":"Arikara","definition":"Arikara"},{"code":"1028-0","display":"Assiniboine","definition":"Assiniboine"},{"code":"1030-6","display":"Assiniboine Sioux","definition":"Assiniboine Sioux"},{"code":"1033-0","display":"Bannock","definition":"Bannock"},{"code":"1035-5","display":"Blackfeet","definition":"Blackfeet"},{"code":"1037-1","display":"Brotherton","definition":"Brotherton"},{"code":"1039-7","display":"Burt Lake Band","definition":"Burt Lake Band"},{"code":"1041-3","display":"Caddo","definition":"Caddo"},{"code":"1044-7","display":"Cahuilla","definition":"Cahuilla"},{"code":"1053-8","display":"California Tribes","definition":"California Tribes"},{"code":"1068-6","display":"Canadian and Latin American Indian","definition":"Canadian and Latin American Indian"},{"code":"1076-9","display":"Catawba","definition":"Catawba"},{"code":"1078-5","display":"Cayuse","definition":"Cayuse"},{"code":"1080-1","display":"Chehalis","definition":"Chehalis"},{"code":"1082-7","display":"Chemakuan","definition":"Chemakuan"},{"code":"1086-8","display":"Chemehuevi","definition":"Chemehuevi"},{"code":"1088-4","display":"Cherokee","definition":"Cherokee"},{"code":"1100-7","display":"Cherokee Shawnee","definition":"Cherokee Shawnee"},{"code":"1102-3","display":"Cheyenne","definition":"Cheyenne"},{"code":"1106-4","display":"Cheyenne-Arapaho","definition":"Cheyenne-Arapaho"},{"code":"1108-0","display":"Chickahominy","definition":"Chickahominy"},{"code":"1112-2","display":"Chickasaw","definition":"Chickasaw"},{"code":"1114-8","display":"Chinook","definition":"Chinook"},{"code":"1123-9","display":"Chippewa","definition":"Chippewa"},{"code":"1150-2","display":"Chippewa Cree","definition":"Chippewa Cree"},{"code":"1153-6","display":"Chitimacha","definition":"Chitimacha"},{"code":"1155-1","display":"Choctaw","definition":"Choctaw"},{"code":"1162-7","display":"Chumash","definition":"Chumash"},{"code":"1165-0","display":"Clear Lake","definition":"Clear Lake"},{"code":"1167-6","display":"Coeur D'Alene","definition":"Coeur D'Alene"},{"code":"1169-2","display":"Coharie","definition":"Coharie"},{"code":"1171-8","display":"Colorado River","definition":"Colorado River"},{"code":"1173-4","display":"Colville","definition":"Colville"},{"code":"1175-9","display":"Comanche","definition":"Comanche"},{"code":"1178-3","display":"Coos","definition":"Lower Umpqua"},{"code":"1180-9","display":"Coos","definition":"Coos"},{"code":"1182-5","display":"Coquilles","definition":"Coquilles"},{"code":"1184-1","display":"Costanoan","definition":"Costanoan"},{"code":"1186-6","display":"Coushatta","definition":"Coushatta"},{"code":"1189-0","display":"Cowlitz","definition":"Cowlitz"},{"code":"1191-6","display":"Cree","definition":"Cree"},{"code":"1193-2","display":"Creek","definition":"Creek"},{"code":"1207-0","display":"Croatan","definition":"Croatan"},{"code":"1209-6","display":"Crow","definition":"Crow"},{"code":"1211-2","display":"Cupeno","definition":"Cupeno"},{"code":"1214-6","display":"Delaware","definition":"Delaware"},{"code":"1222-9","display":"Diegueno","definition":"Diegueno"},{"code":"1233-6","display":"Eastern Tribes","definition":"Eastern Tribes"},{"code":"1250-0","display":"Esselen","definition":"Esselen"},{"code":"1252-6","display":"Fort Belknap","definition":"Fort Belknap"},{"code":"1254-2","display":"Fort Berthold","definition":"Fort Berthold"},{"code":"1256-7","display":"Fort Mcdowell","definition":"Fort Mcdowell"},{"code":"1258-3","display":"Fort Hall","definition":"Fort Hall"},{"code":"1260-9","display":"Gabrieleno","definition":"Gabrieleno"},{"code":"1262-5","display":"Grand Ronde","definition":"Grand Ronde"},{"code":"1264-1","display":"Gros Ventres","definition":"Gros Ventres"},{"code":"1267-4","display":"Haliwa","definition":"Haliwa"},{"code":"1269-0","display":"Hidatsa","definition":"Hidatsa"},{"code":"1271-6","display":"Hoopa","definition":"Hoopa"},{"code":"1275-7","display":"Hoopa Extension","definition":"Hoopa Extension"},{"code":"1277-3","display":"Houma","definition":"Houma"},{"code":"1279-9","display":"Inaja-Cosmit","definition":"Inaja-Cosmit"},{"code":"1281-5","display":"Iowa","definition":"Iowa"},{"code":"1285-6","display":"Iroquois","definition":"Iroquois"},{"code":"1297-1","display":"Juaneno","definition":"Juaneno"},{"code":"1299-7","display":"Kalispel","definition":"Kalispel"},{"code":"1301-1","display":"Karuk","definition":"Karuk"},{"code":"1303-7","display":"Kaw","definition":"Kaw"},{"code":"1305-2","display":"Kickapoo","definition":"Kickapoo"},{"code":"1309-4","display":"Kiowa","definition":"Kiowa"},{"code":"1312-8","display":"Klallam","definition":"Klallam"},{"code":"1317-7","display":"Klamath","definition":"Klamath"},{"code":"1319-3","display":"Konkow","definition":"Konkow"},{"code":"1321-9","display":"Kootenai","definition":"Kootenai"},{"code":"1323-5","display":"Lassik","definition":"Lassik"},{"code":"1325-0","display":"Long Island","definition":"Long Island"},{"code":"1331-8","display":"Luiseno","definition":"Luiseno"},{"code":"1340-9","display":"Lumbee","definition":"Lumbee"},{"code":"1342-5","display":"Lummi","definition":"Lummi"},{"code":"1344-1","display":"Maidu","definition":"Maidu"},{"code":"1348-2","display":"Makah","definition":"Makah"},{"code":"1350-8","display":"Maliseet","definition":"Maliseet"},{"code":"1352-4","display":"Mandan","definition":"Mandan"},{"code":"1354-0","display":"Mattaponi","definition":"Mattaponi"},{"code":"1356-5","display":"Menominee","definition":"Menominee"},{"code":"1358-1","display":"Miami","definition":"Miami"},{"code":"1363-1","display":"Miccosukee","definition":"Miccosukee"},{"code":"1365-6","display":"Micmac","definition":"Micmac"},{"code":"1368-0","display":"Mission Indians","definition":"Mission Indians"},{"code":"1370-6","display":"Miwok","definition":"Miwok"},{"code":"1372-2","display":"Modoc","definition":"Modoc"},{"code":"1374-8","display":"Mohegan","definition":"Mohegan"},{"code":"1376-3","display":"Mono","definition":"Mono"},{"code":"1378-9","display":"Nanticoke","definition":"Nanticoke"},{"code":"1380-5","display":"Narragansett","definition":"Narragansett"},{"code":"1382-1","display":"Navajo","definition":"Navajo"},{"code":"1387-0","display":"Nez Perce","definition":"Nez Perce"},{"code":"1389-6","display":"Nomalaki","definition":"Nomalaki"},{"code":"1391-2","display":"Northwest Tribes","definition":"Northwest Tribes"},{"code":"1403-5","display":"Omaha","definition":"Omaha"},{"code":"1405-0","display":"Oregon Athabaskan","definition":"Oregon Athabaskan"},{"code":"1407-6","display":"Osage","definition":"Osage"},{"code":"1409-2","display":"Otoe-Missouria","definition":"Otoe-Missouria"},{"code":"1411-8","display":"Ottawa","definition":"Ottawa"},{"code":"1416-7","display":"Paiute","definition":"Paiute"},{"code":"1439-9","display":"Pamunkey","definition":"Pamunkey"},{"code":"1441-5","display":"Passamaquoddy","definition":"Passamaquoddy"},{"code":"1445-6","display":"Pawnee","definition":"Pawnee"},{"code":"1448-0","display":"Penobscot","definition":"Penobscot"},{"code":"1450-6","display":"Peoria","definition":"Peoria"},{"code":"1453-0","display":"Pequot","definition":"Pequot"},{"code":"1456-3","display":"Pima","definition":"Pima"},{"code":"1460-5","display":"Piscataway","definition":"Piscataway"},{"code":"1462-1","display":"Pit River","definition":"Pit River"},{"code":"1464-7","display":"Pomo","definition":"Pomo"},{"code":"1474-6","display":"Ponca","definition":"Ponca"},{"code":"1478-7","display":"Potawatomi","definition":"Potawatomi"},{"code":"1487-8","display":"Powhatan","definition":"Powhatan"},{"code":"1489-4","display":"Pueblo","definition":"Pueblo"},{"code":"1518-0","display":"Puget Sound Salish","definition":"Puget Sound Salish"},{"code":"1541-2","display":"Quapaw","definition":"Quapaw"},{"code":"1543-8","display":"Quinault","definition":"Quinault"},{"code":"1545-3","display":"Rappahannock","definition":"Rappahannock"},{"code":"1547-9","display":"Reno-Sparks","definition":"Reno-Sparks"},{"code":"1549-5","display":"Round Valley","definition":"Round Valley"},{"code":"1551-1","display":"Sac and Fox","definition":"Sac and Fox"},{"code":"1556-0","display":"Salinan","definition":"Salinan"},{"code":"1558-6","display":"Salish","definition":"Salish"},{"code":"1560-2","display":"Salish and Kootenai","definition":"Salish and Kootenai"},{"code":"1562-8","display":"Schaghticoke","definition":"Schaghticoke"},{"code":"1564-4","display":"Scott Valley","definition":"Scott Valley"},{"code":"1566-9","display":"Seminole","definition":"Seminole"},{"code":"1573-5","display":"Serrano","definition":"Serrano"},{"code":"1576-8","display":"Shasta","definition":"Shasta"},{"code":"1578-4","display":"Shawnee","definition":"Shawnee"},{"code":"1582-6","display":"Shinnecock","definition":"Shinnecock"},{"code":"1584-2","display":"Shoalwater Bay","definition":"Shoalwater Bay"},{"code":"1586-7","display":"Shoshone","definition":"Shoshone"},{"code":"1602-2","display":"Shoshone Paiute","definition":"Shoshone Paiute"},{"code":"1607-1","display":"Siletz","definition":"Siletz"},{"code":"1609-7","display":"Sioux","definition":"Sioux"},{"code":"1643-6","display":"Siuslaw","definition":"Siuslaw"},{"code":"1645-1","display":"Spokane","definition":"Spokane"},{"code":"1647-7","display":"Stewart","definition":"Stewart"},{"code":"1649-3","display":"Stockbridge","definition":"Stockbridge"},{"code":"1651-9","display":"Susanville","definition":"Susanville"},{"code":"1653-5","display":"Tohono O'Odham","definition":"Tohono O'Odham"},{"code":"1659-2","display":"Tolowa","definition":"Tolowa"},{"code":"1661-8","display":"Tonkawa","definition":"Tonkawa"},{"code":"1663-4","display":"Tygh","definition":"Tygh"},{"code":"1665-9","display":"Umatilla","definition":"Umatilla"},{"code":"1667-5","display":"Umpqua","definition":"Umpqua"},{"code":"1670-9","display":"Ute","definition":"Ute"},{"code":"1675-8","display":"Wailaki","definition":"Wailaki"},{"code":"1677-4","display":"Walla-Walla","definition":"Walla-Walla"},{"code":"1679-0","display":"Wampanoag","definition":"Wampanoag"},{"code":"1683-2","display":"Warm Springs","definition":"Warm Springs"},{"code":"1685-7","display":"Wascopum","definition":"Wascopum"},{"code":"1687-3","display":"Washoe","definition":"Washoe"},{"code":"1692-3","display":"Wichita","definition":"Wichita"},{"code":"1694-9","display":"Wind River","definition":"Wind River"},{"code":"1696-4","display":"Winnebago","definition":"Winnebago"},{"code":"1700-4","display":"Winnemucca","definition":"Winnemucca"},{"code":"1702-0","display":"Wintun","definition":"Wintun"},{"code":"1704-6","display":"Wiyot","definition":"Wiyot"},{"code":"1707-9","display":"Yakama","definition":"Yakama"},{"code":"1709-5","display":"Yakama Cowlitz","definition":"Yakama Cowlitz"},{"code":"1711-1","display":"Yaqui","definition":"Yaqui"},{"code":"1715-2","display":"Yavapai Apache","definition":"Yavapai Apache"},{"code":"1717-8","display":"Yokuts","definition":"Yokuts"},{"code":"1722-8","display":"Yuchi","definition":"Yuchi"},{"code":"1724-4","display":"Yuman","definition":"Yuman"},{"code":"1732-7","display":"Yurok","definition":"Yurok"},{"code":"1011-6","display":"Chiricahua","definition":"Chiricahua"},{"code":"1012-4","display":"Fort Sill Apache","definition":"Fort Sill Apache"},{"code":"1013-2","display":"Jicarilla Apache","definition":"Jicarilla Apache"},{"code":"1014-0","display":"Lipan Apache","definition":"Lipan Apache"},{"code":"1015-7","display":"Mescalero Apache","definition":"Mescalero Apache"},{"code":"1016-5","display":"Oklahoma Apache","definition":"Oklahoma Apache"},{"code":"1017-3","display":"Payson Apache","definition":"Payson Apache"},{"code":"1018-1","display":"San Carlos Apache","definition":"San Carlos Apache"},{"code":"1019-9","display":"White Mountain Apache","definition":"White Mountain Apache"},{"code":"1022-3","display":"Northern Arapaho","definition":"Northern Arapaho"},{"code":"1023-1","display":"Southern Arapaho","definition":"Southern Arapaho"},{"code":"1024-9","display":"Wind River Arapaho","definition":"Wind River Arapaho"},{"code":"1031-4","display":"Fort Peck Assiniboine Sioux","definition":"Fort Peck Assiniboine Sioux"},{"code":"1042-1","display":"Oklahoma Cado","definition":"Oklahoma Cado"},{"code":"1045-4","display":"Agua Caliente Cahuilla","definition":"Agua Caliente Cahuilla"},{"code":"1046-2","display":"Augustine","definition":"Augustine"},{"code":"1047-0","display":"Cabazon","definition":"Cabazon"},{"code":"1048-8","display":"Los Coyotes","definition":"Los Coyotes"},{"code":"1049-6","display":"Morongo","definition":"Morongo"},{"code":"1050-4","display":"Santa Rosa Cahuilla","definition":"Santa Rosa Cahuilla"},{"code":"1051-2","display":"Torres-Martinez","definition":"Torres-Martinez"},{"code":"1054-6","display":"Cahto","definition":"Cahto"},{"code":"1055-3","display":"Chimariko","definition":"Chimariko"},{"code":"1056-1","display":"Coast Miwok","definition":"Coast Miwok"},{"code":"1057-9","display":"Digger","definition":"Digger"},{"code":"1058-7","display":"Kawaiisu","definition":"Kawaiisu"},{"code":"1059-5","display":"Kern River","definition":"Kern River"},{"code":"1060-3","display":"Mattole","definition":"Mattole"},{"code":"1061-1","display":"Red Wood","definition":"Red Wood"},{"code":"1062-9","display":"Santa Rosa","definition":"Santa Rosa"},{"code":"1063-7","display":"Takelma","definition":"Takelma"},{"code":"1064-5","display":"Wappo","definition":"Wappo"},{"code":"1065-2","display":"Yana","definition":"Yana"},{"code":"1066-0","display":"Yuki","definition":"Yuki"},{"code":"1069-4","display":"Canadian Indian","definition":"Canadian Indian"},{"code":"1070-2","display":"Central American Indian","definition":"Central American Indian"},{"code":"1071-0","display":"French American Indian","definition":"French American Indian"},{"code":"1072-8","display":"Mexican American Indian","definition":"Mexican American Indian"},{"code":"1073-6","display":"South American Indian","definition":"South American Indian"},{"code":"1074-4","display":"Spanish American Indian","definition":"Spanish American Indian"},{"code":"1083-5","display":"Hoh","definition":"Hoh"},{"code":"1084-3","display":"Quileute","definition":"Quileute"},{"code":"1089-2","display":"Cherokee Alabama","definition":"Cherokee Alabama"},{"code":"1090-0","display":"Cherokees of Northeast Alabama","definition":"Cherokees of Northeast Alabama"},{"code":"1091-8","display":"Cherokees of Southeast Alabama","definition":"Cherokees of Southeast Alabama"},{"code":"1092-6","display":"Eastern Cherokee","definition":"Eastern Cherokee"},{"code":"1093-4","display":"Echota Cherokee","definition":"Echota Cherokee"},{"code":"1094-2","display":"Etowah Cherokee","definition":"Etowah Cherokee"},{"code":"1095-9","display":"Northern Cherokee","definition":"Northern Cherokee"},{"code":"1096-7","display":"Tuscola","definition":"Tuscola"},{"code":"1097-5","display":"United Keetowah Band of Cherokee","definition":"United Keetowah Band of Cherokee"},{"code":"1098-3","display":"Western Cherokee","definition":"Western Cherokee"},{"code":"1103-1","display":"Northern Cheyenne","definition":"Northern Cheyenne"},{"code":"1104-9","display":"Southern Cheyenne","definition":"Southern Cheyenne"},{"code":"1109-8","display":"Eastern Chickahominy","definition":"Eastern Chickahominy"},{"code":"1110-6","display":"Western Chickahominy","definition":"Western Chickahominy"},{"code":"1115-5","display":"Clatsop","definition":"Clatsop"},{"code":"1116-3","display":"Columbia River Chinook","definition":"Columbia River Chinook"},{"code":"1117-1","display":"Kathlamet","definition":"Kathlamet"},{"code":"1118-9","display":"Upper Chinook","definition":"Upper Chinook"},{"code":"1119-7","display":"Wakiakum Chinook","definition":"Wakiakum Chinook"},{"code":"1120-5","display":"Willapa Chinook","definition":"Willapa Chinook"},{"code":"1121-3","display":"Wishram","definition":"Wishram"},{"code":"1124-7","display":"Bad River","definition":"Bad River"},{"code":"1125-4","display":"Bay Mills Chippewa","definition":"Bay Mills Chippewa"},{"code":"1126-2","display":"Bois Forte","definition":"Bois Forte"},{"code":"1127-0","display":"Burt Lake Chippewa","definition":"Burt Lake Chippewa"},{"code":"1128-8","display":"Fond du Lac","definition":"Fond du Lac"},{"code":"1129-6","display":"Grand Portage","definition":"Grand Portage"},{"code":"1130-4","display":"Grand Traverse Band of Ottawa/Chippewa","definition":"Grand Traverse Band of Ottawa/Chippewa"},{"code":"1131-2","display":"Keweenaw","definition":"Keweenaw"},{"code":"1132-0","display":"Lac Courte Oreilles","definition":"Lac Courte Oreilles"},{"code":"1133-8","display":"Lac du Flambeau","definition":"Lac du Flambeau"},{"code":"1134-6","display":"Lac Vieux Desert Chippewa","definition":"Lac Vieux Desert Chippewa"},{"code":"1135-3","display":"Lake Superior","definition":"Lake Superior"},{"code":"1136-1","display":"Leech Lake","definition":"Leech Lake"},{"code":"1137-9","display":"Little Shell Chippewa","definition":"Little Shell Chippewa"},{"code":"1138-7","display":"Mille Lacs","definition":"Mille Lacs"},{"code":"1139-5","display":"Minnesota Chippewa","definition":"Minnesota Chippewa"},{"code":"1140-3","display":"Ontonagon","definition":"Ontonagon"},{"code":"1141-1","display":"Red Cliff Chippewa","definition":"Red Cliff Chippewa"},{"code":"1142-9","display":"Red Lake Chippewa","definition":"Red Lake Chippewa"},{"code":"1143-7","display":"Saginaw Chippewa","definition":"Saginaw Chippewa"},{"code":"1144-5","display":"St. Croix Chippewa","definition":"St. Croix Chippewa"},{"code":"1145-2","display":"Sault Ste. Marie Chippewa","definition":"Sault Ste. Marie Chippewa"},{"code":"1146-0","display":"Sokoagon Chippewa","definition":"Sokoagon Chippewa"},{"code":"1147-8","display":"Turtle Mountain","definition":"Turtle Mountain"},{"code":"1148-6","display":"White Earth","definition":"White Earth"},{"code":"1151-0","display":"Rocky Boy's Chippewa Cree","definition":"Rocky Boy's Chippewa Cree"},{"code":"1156-9","display":"Clifton Choctaw","definition":"Clifton Choctaw"},{"code":"1157-7","display":"Jena Choctaw","definition":"Jena Choctaw"},{"code":"1158-5","display":"Mississippi Choctaw","definition":"Mississippi Choctaw"},{"code":"1159-3","display":"Mowa Band of Choctaw","definition":"Mowa Band of Choctaw"},{"code":"1160-1","display":"Oklahoma Choctaw","definition":"Oklahoma Choctaw"},{"code":"1163-5","display":"Santa Ynez","definition":"Santa Ynez"},{"code":"1176-7","display":"Oklahoma Comanche","definition":"Oklahoma Comanche"},{"code":"1187-4","display":"Alabama Coushatta","definition":"Alabama Coushatta"},{"code":"1194-0","display":"Alabama Creek","definition":"Alabama Creek"},{"code":"1195-7","display":"Alabama Quassarte","definition":"Alabama Quassarte"},{"code":"1196-5","display":"Eastern Creek","definition":"Eastern Creek"},{"code":"1197-3","display":"Eastern Muscogee","definition":"Eastern Muscogee"},{"code":"1198-1","display":"Kialegee","definition":"Kialegee"},{"code":"1199-9","display":"Lower Muscogee","definition":"Lower Muscogee"},{"code":"1200-5","display":"Machis Lower Creek Indian","definition":"Machis Lower Creek Indian"},{"code":"1201-3","display":"Poarch Band","definition":"Poarch Band"},{"code":"1202-1","display":"Principal Creek Indian Nation","definition":"Principal Creek Indian Nation"},{"code":"1203-9","display":"Star Clan of Muscogee Creeks","definition":"Star Clan of Muscogee Creeks"},{"code":"1204-7","display":"Thlopthlocco","definition":"Thlopthlocco"},{"code":"1205-4","display":"Tuckabachee","definition":"Tuckabachee"},{"code":"1212-0","display":"Agua Caliente","definition":"Agua Caliente"},{"code":"1215-3","display":"Eastern Delaware","definition":"Eastern Delaware"},{"code":"1216-1","display":"Lenni-Lenape","definition":"Lenni-Lenape"},{"code":"1217-9","display":"Munsee","definition":"Munsee"},{"code":"1218-7","display":"Oklahoma Delaware","definition":"Oklahoma Delaware"},{"code":"1219-5","display":"Rampough Mountain","definition":"Rampough Mountain"},{"code":"1220-3","display":"Sand Hill","definition":"Sand Hill"},{"code":"1223-7","display":"Campo","definition":"Campo"},{"code":"1224-5","display":"Capitan Grande","definition":"Capitan Grande"},{"code":"1225-2","display":"Cuyapaipe","definition":"Cuyapaipe"},{"code":"1226-0","display":"La Posta","definition":"La Posta"},{"code":"1227-8","display":"Manzanita","definition":"Manzanita"},{"code":"1228-6","display":"Mesa Grande","definition":"Mesa Grande"},{"code":"1229-4","display":"San Pasqual","definition":"San Pasqual"},{"code":"1230-2","display":"Santa Ysabel","definition":"Santa Ysabel"},{"code":"1231-0","display":"Sycuan","definition":"Sycuan"},{"code":"1234-4","display":"Attacapa","definition":"Attacapa"},{"code":"1235-1","display":"Biloxi","definition":"Biloxi"},{"code":"1236-9","display":"Georgetown (Eastern Tribes)","definition":"Georgetown (Eastern Tribes)"},{"code":"1237-7","display":"Moor","definition":"Moor"},{"code":"1238-5","display":"Nansemond","definition":"Nansemond"},{"code":"1239-3","display":"Natchez","definition":"Natchez"},{"code":"1240-1","display":"Nausu Waiwash","definition":"Nausu Waiwash"},{"code":"1241-9","display":"Nipmuc","definition":"Nipmuc"},{"code":"1242-7","display":"Paugussett","definition":"Paugussett"},{"code":"1243-5","display":"Pocomoke Acohonock","definition":"Pocomoke Acohonock"},{"code":"1244-3","display":"Southeastern Indians","definition":"Southeastern Indians"},{"code":"1245-0","display":"Susquehanock","definition":"Susquehanock"},{"code":"1246-8","display":"Tunica Biloxi","definition":"Tunica Biloxi"},{"code":"1247-6","display":"Waccamaw-Siousan","definition":"Waccamaw-Siousan"},{"code":"1248-4","display":"Wicomico","definition":"Wicomico"},{"code":"1265-8","display":"Atsina","definition":"Atsina"},{"code":"1272-4","display":"Trinity","definition":"Trinity"},{"code":"1273-2","display":"Whilkut","definition":"Whilkut"},{"code":"1282-3","display":"Iowa of Kansas-Nebraska","definition":"Iowa of Kansas-Nebraska"},{"code":"1283-1","display":"Iowa of Oklahoma","definition":"Iowa of Oklahoma"},{"code":"1286-4","display":"Cayuga","definition":"Cayuga"},{"code":"1287-2","display":"Mohawk","definition":"Mohawk"},{"code":"1288-0","display":"Oneida","definition":"Oneida"},{"code":"1289-8","display":"Onondaga","definition":"Onondaga"},{"code":"1290-6","display":"Seneca","definition":"Seneca"},{"code":"1291-4","display":"Seneca Nation","definition":"Seneca Nation"},{"code":"1292-2","display":"Seneca-Cayuga","definition":"Seneca-Cayuga"},{"code":"1293-0","display":"Tonawanda Seneca","definition":"Tonawanda Seneca"},{"code":"1294-8","display":"Tuscarora","definition":"Tuscarora"},{"code":"1295-5","display":"Wyandotte","definition":"Wyandotte"},{"code":"1306-0","display":"Oklahoma Kickapoo","definition":"Oklahoma Kickapoo"},{"code":"1307-8","display":"Texas Kickapoo","definition":"Texas Kickapoo"},{"code":"1310-2","display":"Oklahoma Kiowa","definition":"Oklahoma Kiowa"},{"code":"1313-6","display":"Jamestown","definition":"Jamestown"},{"code":"1314-4","display":"Lower Elwha","definition":"Lower Elwha"},{"code":"1315-1","display":"Port Gamble Klallam","definition":"Port Gamble Klallam"},{"code":"1326-8","display":"Matinecock","definition":"Matinecock"},{"code":"1327-6","display":"Montauk","definition":"Montauk"},{"code":"1328-4","display":"Poospatuck","definition":"Poospatuck"},{"code":"1329-2","display":"Setauket","definition":"Setauket"},{"code":"1332-6","display":"La Jolla","definition":"La Jolla"},{"code":"1333-4","display":"Pala","definition":"Pala"},{"code":"1334-2","display":"Pauma","definition":"Pauma"},{"code":"1335-9","display":"Pechanga","definition":"Pechanga"},{"code":"1336-7","display":"Soboba","definition":"Soboba"},{"code":"1337-5","display":"Twenty-Nine Palms","definition":"Twenty-Nine Palms"},{"code":"1338-3","display":"Temecula","definition":"Temecula"},{"code":"1345-8","display":"Mountain Maidu","definition":"Mountain Maidu"},{"code":"1346-6","display":"Nishinam","definition":"Nishinam"},{"code":"1359-9","display":"Illinois Miami","definition":"Illinois Miami"},{"code":"1360-7","display":"Indiana Miami","definition":"Indiana Miami"},{"code":"1361-5","display":"Oklahoma Miami","definition":"Oklahoma Miami"},{"code":"1366-4","display":"Aroostook","definition":"Aroostook"},{"code":"1383-9","display":"Alamo Navajo","definition":"Alamo Navajo"},{"code":"1384-7","display":"Canoncito Navajo","definition":"Canoncito Navajo"},{"code":"1385-4","display":"Ramah Navajo","definition":"Ramah Navajo"},{"code":"1392-0","display":"Alsea","definition":"Alsea"},{"code":"1393-8","display":"Celilo","definition":"Celilo"},{"code":"1394-6","display":"Columbia","definition":"Columbia"},{"code":"1395-3","display":"Kalapuya","definition":"Kalapuya"},{"code":"1396-1","display":"Molala","definition":"Molala"},{"code":"1397-9","display":"Talakamish","definition":"Talakamish"},{"code":"1398-7","display":"Tenino","definition":"Tenino"},{"code":"1399-5","display":"Tillamook","definition":"Tillamook"},{"code":"1400-1","display":"Wenatchee","definition":"Wenatchee"},{"code":"1401-9","display":"Yahooskin","definition":"Yahooskin"},{"code":"1412-6","display":"Burt Lake Ottawa","definition":"Burt Lake Ottawa"},{"code":"1413-4","display":"Michigan Ottawa","definition":"Michigan Ottawa"},{"code":"1414-2","display":"Oklahoma Ottawa","definition":"Oklahoma Ottawa"},{"code":"1417-5","display":"Bishop","definition":"Bishop"},{"code":"1418-3","display":"Bridgeport","definition":"Bridgeport"},{"code":"1419-1","display":"Burns Paiute","definition":"Burns Paiute"},{"code":"1420-9","display":"Cedarville","definition":"Cedarville"},{"code":"1421-7","display":"Fort Bidwell","definition":"Fort Bidwell"},{"code":"1422-5","display":"Fort Independence","definition":"Fort Independence"},{"code":"1423-3","display":"Kaibab","definition":"Kaibab"},{"code":"1424-1","display":"Las Vegas","definition":"Las Vegas"},{"code":"1425-8","display":"Lone Pine","definition":"Lone Pine"},{"code":"1426-6","display":"Lovelock","definition":"Lovelock"},{"code":"1427-4","display":"Malheur Paiute","definition":"Malheur Paiute"},{"code":"1428-2","display":"Moapa","definition":"Moapa"},{"code":"1429-0","display":"Northern Paiute","definition":"Northern Paiute"},{"code":"1430-8","display":"Owens Valley","definition":"Owens Valley"},{"code":"1431-6","display":"Pyramid Lake","definition":"Pyramid Lake"},{"code":"1432-4","display":"San Juan Southern Paiute","definition":"San Juan Southern Paiute"},{"code":"1433-2","display":"Southern Paiute","definition":"Southern Paiute"},{"code":"1434-0","display":"Summit Lake","definition":"Summit Lake"},{"code":"1435-7","display":"Utu Utu Gwaitu Paiute","definition":"Utu Utu Gwaitu Paiute"},{"code":"1436-5","display":"Walker River","definition":"Walker River"},{"code":"1437-3","display":"Yerington Paiute","definition":"Yerington Paiute"},{"code":"1442-3","display":"Indian Township","definition":"Indian Township"},{"code":"1443-1","display":"Pleasant Point Passamaquoddy","definition":"Pleasant Point Passamaquoddy"},{"code":"1446-4","display":"Oklahoma Pawnee","definition":"Oklahoma Pawnee"},{"code":"1451-4","display":"Oklahoma Peoria","definition":"Oklahoma Peoria"},{"code":"1454-8","display":"Marshantucket Pequot","definition":"Marshantucket Pequot"},{"code":"1457-1","display":"Gila River Pima-Maricopa","definition":"Gila River Pima-Maricopa"},{"code":"1458-9","display":"Salt River Pima-Maricopa","definition":"Salt River Pima-Maricopa"},{"code":"1465-4","display":"Central Pomo","definition":"Central Pomo"},{"code":"1466-2","display":"Dry Creek","definition":"Dry Creek"},{"code":"1467-0","display":"Eastern Pomo","definition":"Eastern Pomo"},{"code":"1468-8","display":"Kashia","definition":"Kashia"},{"code":"1469-6","display":"Northern Pomo","definition":"Northern Pomo"},{"code":"1470-4","display":"Scotts Valley","definition":"Scotts Valley"},{"code":"1471-2","display":"Stonyford","definition":"Stonyford"},{"code":"1472-0","display":"Sulphur Bank","definition":"Sulphur Bank"},{"code":"1475-3","display":"Nebraska Ponca","definition":"Nebraska Ponca"},{"code":"1476-1","display":"Oklahoma Ponca","definition":"Oklahoma Ponca"},{"code":"1479-5","display":"Citizen Band Potawatomi","definition":"Citizen Band Potawatomi"},{"code":"1480-3","display":"Forest County","definition":"Forest County"},{"code":"1481-1","display":"Hannahville","definition":"Hannahville"},{"code":"1482-9","display":"Huron Potawatomi","definition":"Huron Potawatomi"},{"code":"1483-7","display":"Pokagon Potawatomi","definition":"Pokagon Potawatomi"},{"code":"1484-5","display":"Prairie Band","definition":"Prairie Band"},{"code":"1485-2","display":"Wisconsin Potawatomi","definition":"Wisconsin Potawatomi"},{"code":"1490-2","display":"Acoma","definition":"Acoma"},{"code":"1491-0","display":"Arizona Tewa","definition":"Arizona Tewa"},{"code":"1492-8","display":"Cochiti","definition":"Cochiti"},{"code":"1493-6","display":"Hopi","definition":"Hopi"},{"code":"1494-4","display":"Isleta","definition":"Isleta"},{"code":"1495-1","display":"Jemez","definition":"Jemez"},{"code":"1496-9","display":"Keres","definition":"Keres"},{"code":"1497-7","display":"Laguna","definition":"Laguna"},{"code":"1498-5","display":"Nambe","definition":"Nambe"},{"code":"1499-3","display":"Picuris","definition":"Picuris"},{"code":"1500-8","display":"Piro","definition":"Piro"},{"code":"1501-6","display":"Pojoaque","definition":"Pojoaque"},{"code":"1502-4","display":"San Felipe","definition":"San Felipe"},{"code":"1503-2","display":"San Ildefonso","definition":"San Ildefonso"},{"code":"1504-0","display":"San Juan Pueblo","definition":"San Juan Pueblo"},{"code":"1505-7","display":"San Juan De","definition":"San Juan De"},{"code":"1506-5","display":"San Juan","definition":"San Juan"},{"code":"1507-3","display":"Sandia","definition":"Sandia"},{"code":"1508-1","display":"Santa Ana","definition":"Santa Ana"},{"code":"1509-9","display":"Santa Clara","definition":"Santa Clara"},{"code":"1510-7","display":"Santo Domingo","definition":"Santo Domingo"},{"code":"1511-5","display":"Taos","definition":"Taos"},{"code":"1512-3","display":"Tesuque","definition":"Tesuque"},{"code":"1513-1","display":"Tewa","definition":"Tewa"},{"code":"1514-9","display":"Tigua","definition":"Tigua"},{"code":"1515-6","display":"Zia","definition":"Zia"},{"code":"1516-4","display":"Zuni","definition":"Zuni"},{"code":"1519-8","display":"Duwamish","definition":"Duwamish"},{"code":"1520-6","display":"Kikiallus","definition":"Kikiallus"},{"code":"1521-4","display":"Lower Skagit","definition":"Lower Skagit"},{"code":"1522-2","display":"Muckleshoot","definition":"Muckleshoot"},{"code":"1523-0","display":"Nisqually","definition":"Nisqually"},{"code":"1524-8","display":"Nooksack","definition":"Nooksack"},{"code":"1525-5","display":"Port Madison","definition":"Port Madison"},{"code":"1526-3","display":"Puyallup","definition":"Puyallup"},{"code":"1527-1","display":"Samish","definition":"Samish"},{"code":"1528-9","display":"Sauk-Suiattle","definition":"Sauk-Suiattle"},{"code":"1529-7","display":"Skokomish","definition":"Skokomish"},{"code":"1530-5","display":"Skykomish","definition":"Skykomish"},{"code":"1531-3","display":"Snohomish","definition":"Snohomish"},{"code":"1532-1","display":"Snoqualmie","definition":"Snoqualmie"},{"code":"1533-9","display":"Squaxin Island","definition":"Squaxin Island"},{"code":"1534-7","display":"Steilacoom","definition":"Steilacoom"},{"code":"1535-4","display":"Stillaguamish","definition":"Stillaguamish"},{"code":"1536-2","display":"Suquamish","definition":"Suquamish"},{"code":"1537-0","display":"Swinomish","definition":"Swinomish"},{"code":"1538-8","display":"Tulalip","definition":"Tulalip"},{"code":"1539-6","display":"Upper Skagit","definition":"Upper Skagit"},{"code":"1552-9","display":"Iowa Sac and Fox","definition":"Iowa Sac and Fox"},{"code":"1553-7","display":"Missouri Sac and Fox","definition":"Missouri Sac and Fox"},{"code":"1554-5","display":"Oklahoma Sac and Fox","definition":"Oklahoma Sac and Fox"},{"code":"1567-7","display":"Big Cypress","definition":"Big Cypress"},{"code":"1568-5","display":"Brighton","definition":"Brighton"},{"code":"1569-3","display":"Florida Seminole","definition":"Florida Seminole"},{"code":"1570-1","display":"Hollywood Seminole","definition":"Hollywood Seminole"},{"code":"1571-9","display":"Oklahoma Seminole","definition":"Oklahoma Seminole"},{"code":"1574-3","display":"San Manual","definition":"San Manual"},{"code":"1579-2","display":"Absentee Shawnee","definition":"Absentee Shawnee"},{"code":"1580-0","display":"Eastern Shawnee","definition":"Eastern Shawnee"},{"code":"1587-5","display":"Battle Mountain","definition":"Battle Mountain"},{"code":"1588-3","display":"Duckwater","definition":"Duckwater"},{"code":"1589-1","display":"Elko","definition":"Elko"},{"code":"1590-9","display":"Ely","definition":"Ely"},{"code":"1591-7","display":"Goshute","definition":"Goshute"},{"code":"1592-5","display":"Panamint","definition":"Panamint"},{"code":"1593-3","display":"Ruby Valley","definition":"Ruby Valley"},{"code":"1594-1","display":"Skull Valley","definition":"Skull Valley"},{"code":"1595-8","display":"South Fork Shoshone","definition":"South Fork Shoshone"},{"code":"1596-6","display":"Te-Moak Western Shoshone","definition":"Te-Moak Western Shoshone"},{"code":"1597-4","display":"Timbi-Sha Shoshone","definition":"Timbi-Sha Shoshone"},{"code":"1598-2","display":"Washakie","definition":"Washakie"},{"code":"1599-0","display":"Wind River Shoshone","definition":"Wind River Shoshone"},{"code":"1600-6","display":"Yomba","definition":"Yomba"},{"code":"1603-0","display":"Duck Valley","definition":"Duck Valley"},{"code":"1604-8","display":"Fallon","definition":"Fallon"},{"code":"1605-5","display":"Fort McDermitt","definition":"Fort McDermitt"},{"code":"1610-5","display":"Blackfoot Sioux","definition":"Blackfoot Sioux"},{"code":"1611-3","display":"Brule Sioux","definition":"Brule Sioux"},{"code":"1612-1","display":"Cheyenne River Sioux","definition":"Cheyenne River Sioux"},{"code":"1613-9","display":"Crow Creek Sioux","definition":"Crow Creek Sioux"},{"code":"1614-7","display":"Dakota Sioux","definition":"Dakota Sioux"},{"code":"1615-4","display":"Flandreau Santee","definition":"Flandreau Santee"},{"code":"1616-2","display":"Fort Peck","definition":"Fort Peck"},{"code":"1617-0","display":"Lake Traverse Sioux","definition":"Lake Traverse Sioux"},{"code":"1618-8","display":"Lower Brule Sioux","definition":"Lower Brule Sioux"},{"code":"1619-6","display":"Lower Sioux","definition":"Lower Sioux"},{"code":"1620-4","display":"Mdewakanton Sioux","definition":"Mdewakanton Sioux"},{"code":"1621-2","display":"Miniconjou","definition":"Miniconjou"},{"code":"1622-0","display":"Oglala Sioux","definition":"Oglala Sioux"},{"code":"1623-8","display":"Pine Ridge Sioux","definition":"Pine Ridge Sioux"},{"code":"1624-6","display":"Pipestone Sioux","definition":"Pipestone Sioux"},{"code":"1625-3","display":"Prairie Island Sioux","definition":"Prairie Island Sioux"},{"code":"1626-1","display":"Prior Lake Sioux","definition":"Prior Lake Sioux"},{"code":"1627-9","display":"Rosebud Sioux","definition":"Rosebud Sioux"},{"code":"1628-7","display":"Sans Arc Sioux","definition":"Sans Arc Sioux"},{"code":"1629-5","display":"Santee Sioux","definition":"Santee Sioux"},{"code":"1630-3","display":"Sisseton-Wahpeton","definition":"Sisseton-Wahpeton"},{"code":"1631-1","display":"Sisseton Sioux","definition":"Sisseton Sioux"},{"code":"1632-9","display":"Spirit Lake Sioux","definition":"Spirit Lake Sioux"},{"code":"1633-7","display":"Standing Rock Sioux","definition":"Standing Rock Sioux"},{"code":"1634-5","display":"Teton Sioux","definition":"Teton Sioux"},{"code":"1635-2","display":"Two Kettle Sioux","definition":"Two Kettle Sioux"},{"code":"1636-0","display":"Upper Sioux","definition":"Upper Sioux"},{"code":"1637-8","display":"Wahpekute Sioux","definition":"Wahpekute Sioux"},{"code":"1638-6","display":"Wahpeton Sioux","definition":"Wahpeton Sioux"},{"code":"1639-4","display":"Wazhaza Sioux","definition":"Wazhaza Sioux"},{"code":"1640-2","display":"Yankton Sioux","definition":"Yankton Sioux"},{"code":"1641-0","display":"Yanktonai Sioux","definition":"Yanktonai Sioux"},{"code":"1654-3","display":"Ak-Chin","definition":"Ak-Chin"},{"code":"1655-0","display":"Gila Bend","definition":"Gila Bend"},{"code":"1656-8","display":"San Xavier","definition":"San Xavier"},{"code":"1657-6","display":"Sells","definition":"Sells"},{"code":"1668-3","display":"Cow Creek Umpqua","definition":"Cow Creek Umpqua"},{"code":"1671-7","display":"Allen Canyon","definition":"Allen Canyon"},{"code":"1672-5","display":"Uintah Ute","definition":"Uintah Ute"},{"code":"1673-3","display":"Ute Mountain Ute","definition":"Ute Mountain Ute"},{"code":"1680-8","display":"Gay Head Wampanoag","definition":"Gay Head Wampanoag"},{"code":"1681-6","display":"Mashpee Wampanoag","definition":"Mashpee Wampanoag"},{"code":"1688-1","display":"Alpine","definition":"Alpine"},{"code":"1689-9","display":"Carson","definition":"Carson"},{"code":"1690-7","display":"Dresslerville","definition":"Dresslerville"},{"code":"1697-2","display":"Ho-chunk","definition":"Ho-chunk"},{"code":"1698-0","display":"Nebraska Winnebago","definition":"Nebraska Winnebago"},{"code":"1705-3","display":"Table Bluff","definition":"Table Bluff"},{"code":"1712-9","display":"Barrio Libre","definition":"Barrio Libre"},{"code":"1713-7","display":"Pascua Yaqui","definition":"Pascua Yaqui"},{"code":"1718-6","display":"Chukchansi","definition":"Chukchansi"},{"code":"1719-4","display":"Tachi","definition":"Tachi"},{"code":"1720-2","display":"Tule River","definition":"Tule River"},{"code":"1725-1","display":"Cocopah","definition":"Cocopah"},{"code":"1726-9","display":"Havasupai","definition":"Havasupai"},{"code":"1727-7","display":"Hualapai","definition":"Hualapai"},{"code":"1728-5","display":"Maricopa","definition":"Maricopa"},{"code":"1729-3","display":"Mohave","definition":"Mohave"},{"code":"1730-1","display":"Quechan","definition":"Quechan"},{"code":"1731-9","display":"Yavapai","definition":"Yavapai"},{"code":"1733-5","display":"Coast Yurok","definition":"Coast Yurok"},{"code":"1737-6","display":"Alaska Indian","definition":"Alaska Indian"},{"code":"1840-8","display":"Eskimo","definition":"Eskimo"},{"code":"1966-1","display":"Aleut","definition":"Aleut"},{"code":"1739-2","display":"Alaskan Athabascan","definition":"Alaskan Athabascan"},{"code":"1811-9","display":"Southeast Alaska","definition":"Southeast Alaska"},{"code":"1740-0","display":"Ahtna","definition":"Ahtna"},{"code":"1741-8","display":"Alatna","definition":"Alatna"},{"code":"1742-6","display":"Alexander","definition":"Alexander"},{"code":"1743-4","display":"Allakaket","definition":"Allakaket"},{"code":"1744-2","display":"Alanvik","definition":"Alanvik"},{"code":"1745-9","display":"Anvik","definition":"Anvik"},{"code":"1746-7","display":"Arctic","definition":"Arctic"},{"code":"1747-5","display":"Beaver","definition":"Beaver"},{"code":"1748-3","display":"Birch Creek","definition":"Birch Creek"},{"code":"1749-1","display":"Cantwell","definition":"Cantwell"},{"code":"1750-9","display":"Chalkyitsik","definition":"Chalkyitsik"},{"code":"1751-7","display":"Chickaloon","definition":"Chickaloon"},{"code":"1752-5","display":"Chistochina","definition":"Chistochina"},{"code":"1753-3","display":"Chitina","definition":"Chitina"},{"code":"1754-1","display":"Circle","definition":"Circle"},{"code":"1755-8","display":"Cook Inlet","definition":"Cook Inlet"},{"code":"1756-6","display":"Copper Center","definition":"Copper Center"},{"code":"1757-4","display":"Copper River","definition":"Copper River"},{"code":"1758-2","display":"Dot Lake","definition":"Dot Lake"},{"code":"1759-0","display":"Doyon","definition":"Doyon"},{"code":"1760-8","display":"Eagle","definition":"Eagle"},{"code":"1761-6","display":"Eklutna","definition":"Eklutna"},{"code":"1762-4","display":"Evansville","definition":"Evansville"},{"code":"1763-2","display":"Fort Yukon","definition":"Fort Yukon"},{"code":"1764-0","display":"Gakona","definition":"Gakona"},{"code":"1765-7","display":"Galena","definition":"Galena"},{"code":"1766-5","display":"Grayling","definition":"Grayling"},{"code":"1767-3","display":"Gulkana","definition":"Gulkana"},{"code":"1768-1","display":"Healy Lake","definition":"Healy Lake"},{"code":"1769-9","display":"Holy Cross","definition":"Holy Cross"},{"code":"1770-7","display":"Hughes","definition":"Hughes"},{"code":"1771-5","display":"Huslia","definition":"Huslia"},{"code":"1772-3","display":"Iliamna","definition":"Iliamna"},{"code":"1773-1","display":"Kaltag","definition":"Kaltag"},{"code":"1774-9","display":"Kluti Kaah","definition":"Kluti Kaah"},{"code":"1775-6","display":"Knik","definition":"Knik"},{"code":"1776-4","display":"Koyukuk","definition":"Koyukuk"},{"code":"1777-2","display":"Lake Minchumina","definition":"Lake Minchumina"},{"code":"1778-0","display":"Lime","definition":"Lime"},{"code":"1779-8","display":"Mcgrath","definition":"Mcgrath"},{"code":"1780-6","display":"Manley Hot Springs","definition":"Manley Hot Springs"},{"code":"1781-4","display":"Mentasta Lake","definition":"Mentasta Lake"},{"code":"1782-2","display":"Minto","definition":"Minto"},{"code":"1783-0","display":"Nenana","definition":"Nenana"},{"code":"1784-8","display":"Nikolai","definition":"Nikolai"},{"code":"1785-5","display":"Ninilchik","definition":"Ninilchik"},{"code":"1786-3","display":"Nondalton","definition":"Nondalton"},{"code":"1787-1","display":"Northway","definition":"Northway"},{"code":"1788-9","display":"Nulato","definition":"Nulato"},{"code":"1789-7","display":"Pedro Bay","definition":"Pedro Bay"},{"code":"1790-5","display":"Rampart","definition":"Rampart"},{"code":"1791-3","display":"Ruby","definition":"Ruby"},{"code":"1792-1","display":"Salamatof","definition":"Salamatof"},{"code":"1793-9","display":"Seldovia","definition":"Seldovia"},{"code":"1794-7","display":"Slana","definition":"Slana"},{"code":"1795-4","display":"Shageluk","definition":"Shageluk"},{"code":"1796-2","display":"Stevens","definition":"Stevens"},{"code":"1797-0","display":"Stony River","definition":"Stony River"},{"code":"1798-8","display":"Takotna","definition":"Takotna"},{"code":"1799-6","display":"Tanacross","definition":"Tanacross"},{"code":"1800-2","display":"Tanaina","definition":"Tanaina"},{"code":"1801-0","display":"Tanana","definition":"Tanana"},{"code":"1802-8","display":"Tanana Chiefs","definition":"Tanana Chiefs"},{"code":"1803-6","display":"Tazlina","definition":"Tazlina"},{"code":"1804-4","display":"Telida","definition":"Telida"},{"code":"1805-1","display":"Tetlin","definition":"Tetlin"},{"code":"1806-9","display":"Tok","definition":"Tok"},{"code":"1807-7","display":"Tyonek","definition":"Tyonek"},{"code":"1808-5","display":"Venetie","definition":"Venetie"},{"code":"1809-3","display":"Wiseman","definition":"Wiseman"},{"code":"1813-5","display":"Tlingit-Haida","definition":"Tlingit-Haida"},{"code":"1837-4","display":"Tsimshian","definition":"Tsimshian"},{"code":"1814-3","display":"Angoon","definition":"Angoon"},{"code":"1815-0","display":"Central Council of Tlingit and Haida Tribes","definition":"Central Council of Tlingit and Haida Tribes"},{"code":"1816-8","display":"Chilkat","definition":"Chilkat"},{"code":"1817-6","display":"Chilkoot","definition":"Chilkoot"},{"code":"1818-4","display":"Craig","definition":"Craig"},{"code":"1819-2","display":"Douglas","definition":"Douglas"},{"code":"1820-0","display":"Haida","definition":"Haida"},{"code":"1821-8","display":"Hoonah","definition":"Hoonah"},{"code":"1822-6","display":"Hydaburg","definition":"Hydaburg"},{"code":"1823-4","display":"Kake","definition":"Kake"},{"code":"1824-2","display":"Kasaan","definition":"Kasaan"},{"code":"1825-9","display":"Kenaitze","definition":"Kenaitze"},{"code":"1826-7","display":"Ketchikan","definition":"Ketchikan"},{"code":"1827-5","display":"Klawock","definition":"Klawock"},{"code":"1828-3","display":"Pelican","definition":"Pelican"},{"code":"1829-1","display":"Petersburg","definition":"Petersburg"},{"code":"1830-9","display":"Saxman","definition":"Saxman"},{"code":"1831-7","display":"Sitka","definition":"Sitka"},{"code":"1832-5","display":"Tenakee Springs","definition":"Tenakee Springs"},{"code":"1833-3","display":"Tlingit","definition":"Tlingit"},{"code":"1834-1","display":"Wrangell","definition":"Wrangell"},{"code":"1835-8","display":"Yakutat","definition":"Yakutat"},{"code":"1838-2","display":"Metlakatla","definition":"Metlakatla"},{"code":"1842-4","display":"Greenland Eskimo","definition":"Greenland Eskimo"},{"code":"1844-0","display":"Inupiat Eskimo","definition":"Inupiat Eskimo"},{"code":"1891-1","display":"Siberian Eskimo","definition":"Siberian Eskimo"},{"code":"1896-0","display":"Yupik Eskimo","definition":"Yupik Eskimo"},{"code":"1845-7","display":"Ambler","definition":"Ambler"},{"code":"1846-5","display":"Anaktuvuk","definition":"Anaktuvuk"},{"code":"1847-3","display":"Anaktuvuk Pass","definition":"Anaktuvuk Pass"},{"code":"1848-1","display":"Arctic Slope Inupiat","definition":"Arctic Slope Inupiat"},{"code":"1849-9","display":"Arctic Slope Corporation","definition":"Arctic Slope Corporation"},{"code":"1850-7","display":"Atqasuk","definition":"Atqasuk"},{"code":"1851-5","display":"Barrow","definition":"Barrow"},{"code":"1852-3","display":"Bering Straits Inupiat","definition":"Bering Straits Inupiat"},{"code":"1853-1","display":"Brevig Mission","definition":"Brevig Mission"},{"code":"1854-9","display":"Buckland","definition":"Buckland"},{"code":"1855-6","display":"Chinik","definition":"Chinik"},{"code":"1856-4","display":"Council","definition":"Council"},{"code":"1857-2","display":"Deering","definition":"Deering"},{"code":"1858-0","display":"Elim","definition":"Elim"},{"code":"1859-8","display":"Golovin","definition":"Golovin"},{"code":"1860-6","display":"Inalik Diomede","definition":"Inalik Diomede"},{"code":"1861-4","display":"Inupiaq","definition":"Inupiaq"},{"code":"1862-2","display":"Kaktovik","definition":"Kaktovik"},{"code":"1863-0","display":"Kawerak","definition":"Kawerak"},{"code":"1864-8","display":"Kiana","definition":"Kiana"},{"code":"1865-5","display":"Kivalina","definition":"Kivalina"},{"code":"1866-3","display":"Kobuk","definition":"Kobuk"},{"code":"1867-1","display":"Kotzebue","definition":"Kotzebue"},{"code":"1868-9","display":"Koyuk","definition":"Koyuk"},{"code":"1869-7","display":"Kwiguk","definition":"Kwiguk"},{"code":"1870-5","display":"Mauneluk Inupiat","definition":"Mauneluk Inupiat"},{"code":"1871-3","display":"Nana Inupiat","definition":"Nana Inupiat"},{"code":"1872-1","display":"Noatak","definition":"Noatak"},{"code":"1873-9","display":"Nome","definition":"Nome"},{"code":"1874-7","display":"Noorvik","definition":"Noorvik"},{"code":"1875-4","display":"Nuiqsut","definition":"Nuiqsut"},{"code":"1876-2","display":"Point Hope","definition":"Point Hope"},{"code":"1877-0","display":"Point Lay","definition":"Point Lay"},{"code":"1878-8","display":"Selawik","definition":"Selawik"},{"code":"1879-6","display":"Shaktoolik","definition":"Shaktoolik"},{"code":"1880-4","display":"Shishmaref","definition":"Shishmaref"},{"code":"1881-2","display":"Shungnak","definition":"Shungnak"},{"code":"1882-0","display":"Solomon","definition":"Solomon"},{"code":"1883-8","display":"Teller","definition":"Teller"},{"code":"1884-6","display":"Unalakleet","definition":"Unalakleet"},{"code":"1885-3","display":"Wainwright","definition":"Wainwright"},{"code":"1886-1","display":"Wales","definition":"Wales"},{"code":"1887-9","display":"White Mountain","definition":"White Mountain"},{"code":"1888-7","display":"White Mountain Inupiat","definition":"White Mountain Inupiat"},{"code":"1889-5","display":"Mary's Igloo","definition":"Mary's Igloo"},{"code":"1892-9","display":"Gambell","definition":"Gambell"},{"code":"1893-7","display":"Savoonga","definition":"Savoonga"},{"code":"1894-5","display":"Siberian Yupik","definition":"Siberian Yupik"},{"code":"1897-8","display":"Akiachak","definition":"Akiachak"},{"code":"1898-6","display":"Akiak","definition":"Akiak"},{"code":"1899-4","display":"Alakanuk","definition":"Alakanuk"},{"code":"1900-0","display":"Aleknagik","definition":"Aleknagik"},{"code":"1901-8","display":"Andreafsky","definition":"Andreafsky"},{"code":"1902-6","display":"Aniak","definition":"Aniak"},{"code":"1903-4","display":"Atmautluak","definition":"Atmautluak"},{"code":"1904-2","display":"Bethel","definition":"Bethel"},{"code":"1905-9","display":"Bill Moore's Slough","definition":"Bill Moore's Slough"},{"code":"1906-7","display":"Bristol Bay Yupik","definition":"Bristol Bay Yupik"},{"code":"1907-5","display":"Calista Yupik","definition":"Calista Yupik"},{"code":"1908-3","display":"Chefornak","definition":"Chefornak"},{"code":"1909-1","display":"Chevak","definition":"Chevak"},{"code":"1910-9","display":"Chuathbaluk","definition":"Chuathbaluk"},{"code":"1911-7","display":"Clark's Point","definition":"Clark's Point"},{"code":"1912-5","display":"Crooked Creek","definition":"Crooked Creek"},{"code":"1913-3","display":"Dillingham","definition":"Dillingham"},{"code":"1914-1","display":"Eek","definition":"Eek"},{"code":"1915-8","display":"Ekuk","definition":"Ekuk"},{"code":"1916-6","display":"Ekwok","definition":"Ekwok"},{"code":"1917-4","display":"Emmonak","definition":"Emmonak"},{"code":"1918-2","display":"Goodnews Bay","definition":"Goodnews Bay"},{"code":"1919-0","display":"Hooper Bay","definition":"Hooper Bay"},{"code":"1920-8","display":"Iqurmuit (Russian Mission)","definition":"Iqurmuit (Russian Mission)"},{"code":"1921-6","display":"Kalskag","definition":"Kalskag"},{"code":"1922-4","display":"Kasigluk","definition":"Kasigluk"},{"code":"1923-2","display":"Kipnuk","definition":"Kipnuk"},{"code":"1924-0","display":"Koliganek","definition":"Koliganek"},{"code":"1925-7","display":"Kongiganak","definition":"Kongiganak"},{"code":"1926-5","display":"Kotlik","definition":"Kotlik"},{"code":"1927-3","display":"Kwethluk","definition":"Kwethluk"},{"code":"1928-1","display":"Kwigillingok","definition":"Kwigillingok"},{"code":"1929-9","display":"Levelock","definition":"Levelock"},{"code":"1930-7","display":"Lower Kalskag","definition":"Lower Kalskag"},{"code":"1931-5","display":"Manokotak","definition":"Manokotak"},{"code":"1932-3","display":"Marshall","definition":"Marshall"},{"code":"1933-1","display":"Mekoryuk","definition":"Mekoryuk"},{"code":"1934-9","display":"Mountain Village","definition":"Mountain Village"},{"code":"1935-6","display":"Naknek","definition":"Naknek"},{"code":"1936-4","display":"Napaumute","definition":"Napaumute"},{"code":"1937-2","display":"Napakiak","definition":"Napakiak"},{"code":"1938-0","display":"Napaskiak","definition":"Napaskiak"},{"code":"1939-8","display":"Newhalen","definition":"Newhalen"},{"code":"1940-6","display":"New Stuyahok","definition":"New Stuyahok"},{"code":"1941-4","display":"Newtok","definition":"Newtok"},{"code":"1942-2","display":"Nightmute","definition":"Nightmute"},{"code":"1943-0","display":"Nunapitchukv","definition":"Nunapitchukv"},{"code":"1944-8","display":"Oscarville","definition":"Oscarville"},{"code":"1945-5","display":"Pilot Station","definition":"Pilot Station"},{"code":"1946-3","display":"Pitkas Point","definition":"Pitkas Point"},{"code":"1947-1","display":"Platinum","definition":"Platinum"},{"code":"1948-9","display":"Portage Creek","definition":"Portage Creek"},{"code":"1949-7","display":"Quinhagak","definition":"Quinhagak"},{"code":"1950-5","display":"Red Devil","definition":"Red Devil"},{"code":"1951-3","display":"St. Michael","definition":"St. Michael"},{"code":"1952-1","display":"Scammon Bay","definition":"Scammon Bay"},{"code":"1953-9","display":"Sheldon's Point","definition":"Sheldon's Point"},{"code":"1954-7","display":"Sleetmute","definition":"Sleetmute"},{"code":"1955-4","display":"Stebbins","definition":"Stebbins"},{"code":"1956-2","display":"Togiak","definition":"Togiak"},{"code":"1957-0","display":"Toksook","definition":"Toksook"},{"code":"1958-8","display":"Tulukskak","definition":"Tulukskak"},{"code":"1959-6","display":"Tuntutuliak","definition":"Tuntutuliak"},{"code":"1960-4","display":"Tununak","definition":"Tununak"},{"code":"1961-2","display":"Twin Hills","definition":"Twin Hills"},{"code":"1962-0","display":"Georgetown (Yupik-Eskimo)","definition":"Georgetown (Yupik-Eskimo)"},{"code":"1963-8","display":"St. Mary's","definition":"St. Mary's"},{"code":"1964-6","display":"Umkumiate","definition":"Umkumiate"},{"code":"1968-7","display":"Alutiiq Aleut","definition":"Alutiiq Aleut"},{"code":"1972-9","display":"Bristol Bay Aleut","definition":"Bristol Bay Aleut"},{"code":"1984-4","display":"Chugach Aleut","definition":"Chugach Aleut"},{"code":"1990-1","display":"Eyak","definition":"Eyak"},{"code":"1992-7","display":"Koniag Aleut","definition":"Koniag Aleut"},{"code":"2002-4","display":"Sugpiaq","definition":"Sugpiaq"},{"code":"2004-0","display":"Suqpigaq","definition":"Suqpigaq"},{"code":"2006-5","display":"Unangan Aleut","definition":"Unangan Aleut"},{"code":"1969-5","display":"Tatitlek","definition":"Tatitlek"},{"code":"1970-3","display":"Ugashik","definition":"Ugashik"},{"code":"1973-7","display":"Chignik","definition":"Chignik"},{"code":"1974-5","display":"Chignik Lake","definition":"Chignik Lake"},{"code":"1975-2","display":"Egegik","definition":"Egegik"},{"code":"1976-0","display":"Igiugig","definition":"Igiugig"},{"code":"1977-8","display":"Ivanof Bay","definition":"Ivanof Bay"},{"code":"1978-6","display":"King Salmon","definition":"King Salmon"},{"code":"1979-4","display":"Kokhanok","definition":"Kokhanok"},{"code":"1980-2","display":"Perryville","definition":"Perryville"},{"code":"1981-0","display":"Pilot Point","definition":"Pilot Point"},{"code":"1982-8","display":"Port Heiden","definition":"Port Heiden"},{"code":"1985-1","display":"Chenega","definition":"Chenega"},{"code":"1986-9","display":"Chugach Corporation","definition":"Chugach Corporation"},{"code":"1987-7","display":"English Bay","definition":"English Bay"},{"code":"1988-5","display":"Port Graham","definition":"Port Graham"},{"code":"1993-5","display":"Akhiok","definition":"Akhiok"},{"code":"1994-3","display":"Agdaagux","definition":"Agdaagux"},{"code":"1995-0","display":"Karluk","definition":"Karluk"},{"code":"1996-8","display":"Kodiak","definition":"Kodiak"},{"code":"1997-6","display":"Larsen Bay","definition":"Larsen Bay"},{"code":"1998-4","display":"Old Harbor","definition":"Old Harbor"},{"code":"1999-2","display":"Ouzinkie","definition":"Ouzinkie"},{"code":"2000-8","display":"Port Lions","definition":"Port Lions"},{"code":"2007-3","display":"Akutan","definition":"Akutan"},{"code":"2008-1","display":"Aleut Corporation","definition":"Aleut Corporation"},{"code":"2009-9","display":"Aleutian","definition":"Aleutian"},{"code":"2010-7","display":"Aleutian Islander","definition":"Aleutian Islander"},{"code":"2011-5","display":"Atka","definition":"Atka"},{"code":"2012-3","display":"Belkofski","definition":"Belkofski"},{"code":"2013-1","display":"Chignik Lagoon","definition":"Chignik Lagoon"},{"code":"2014-9","display":"King Cove","definition":"King Cove"},{"code":"2015-6","display":"False Pass","definition":"False Pass"},{"code":"2016-4","display":"Nelson Lagoon","definition":"Nelson Lagoon"},{"code":"2017-2","display":"Nikolski","definition":"Nikolski"},{"code":"2018-0","display":"Pauloff Harbor","definition":"Pauloff Harbor"},{"code":"2019-8","display":"Qagan Toyagungin","definition":"Qagan Toyagungin"},{"code":"2020-6","display":"Qawalangin","definition":"Qawalangin"},{"code":"2021-4","display":"St. George","definition":"St. George"},{"code":"2022-2","display":"St. Paul","definition":"St. Paul"},{"code":"2023-0","display":"Sand Point","definition":"Sand Point"},{"code":"2024-8","display":"South Naknek","definition":"South Naknek"},{"code":"2025-5","display":"Unalaska","definition":"Unalaska"},{"code":"2026-3","display":"Unga","definition":"Unga"},{"code":"2029-7","display":"Asian Indian","definition":"Asian Indian"},{"code":"2030-5","display":"Bangladeshi","definition":"Bangladeshi"},{"code":"2031-3","display":"Bhutanese","definition":"Bhutanese"},{"code":"2032-1","display":"Burmese","definition":"Burmese"},{"code":"2033-9","display":"Cambodian","definition":"Cambodian"},{"code":"2034-7","display":"Chinese","definition":"Chinese"},{"code":"2035-4","display":"Taiwanese","definition":"Taiwanese"},{"code":"2036-2","display":"Filipino","definition":"Filipino"},{"code":"2037-0","display":"Hmong","definition":"Hmong"},{"code":"2038-8","display":"Indonesian","definition":"Indonesian"},{"code":"2039-6","display":"Japanese","definition":"Japanese"},{"code":"2040-4","display":"Korean","definition":"Korean"},{"code":"2041-2","display":"Laotian","definition":"Laotian"},{"code":"2042-0","display":"Malaysian","definition":"Malaysian"},{"code":"2043-8","display":"Okinawan","definition":"Okinawan"},{"code":"2044-6","display":"Pakistani","definition":"Pakistani"},{"code":"2045-3","display":"Sri Lankan","definition":"Sri Lankan"},{"code":"2046-1","display":"Thai","definition":"Thai"},{"code":"2047-9","display":"Vietnamese","definition":"Vietnamese"},{"code":"2048-7","display":"Iwo Jiman","definition":"Iwo Jiman"},{"code":"2049-5","display":"Maldivian","definition":"Maldivian"},{"code":"2050-3","display":"Nepalese","definition":"Nepalese"},{"code":"2051-1","display":"Singaporean","definition":"Singaporean"},{"code":"2052-9","display":"Madagascar","definition":"Madagascar"},{"code":"2056-0","display":"Black","definition":"Black"},{"code":"2058-6","display":"African American","definition":"African American"},{"code":"2060-2","display":"African","definition":"African"},{"code":"2067-7","display":"Bahamian","definition":"Bahamian"},{"code":"2068-5","display":"Barbadian","definition":"Barbadian"},{"code":"2069-3","display":"Dominican","definition":"Dominican"},{"code":"2070-1","display":"Dominica Islander","definition":"Dominica Islander"},{"code":"2071-9","display":"Haitian","definition":"Haitian"},{"code":"2072-7","display":"Jamaican","definition":"Jamaican"},{"code":"2073-5","display":"Tobagoan","definition":"Tobagoan"},{"code":"2074-3","display":"Trinidadian","definition":"Trinidadian"},{"code":"2075-0","display":"West Indian","definition":"West Indian"},{"code":"2061-0","display":"Botswanan","definition":"Botswanan"},{"code":"2062-8","display":"Ethiopian","definition":"Ethiopian"},{"code":"2063-6","display":"Liberian","definition":"Liberian"},{"code":"2064-4","display":"Namibian","definition":"Namibian"},{"code":"2065-1","display":"Nigerian","definition":"Nigerian"},{"code":"2066-9","display":"Zairean","definition":"Zairean"},{"code":"2078-4","display":"Polynesian","definition":"Polynesian"},{"code":"2085-9","display":"Micronesian","definition":"Micronesian"},{"code":"2100-6","display":"Melanesian","definition":"Melanesian"},{"code":"2500-7","display":"Other Pacific Islander","definition":"Other Pacific Islander"},{"code":"2079-2","display":"Native Hawaiian","definition":"Native Hawaiian"},{"code":"2080-0","display":"Samoan","definition":"Samoan"},{"code":"2081-8","display":"Tahitian","definition":"Tahitian"},{"code":"2082-6","display":"Tongan","definition":"Tongan"},{"code":"2083-4","display":"Tokelauan","definition":"Tokelauan"},{"code":"2086-7","display":"Guamanian or Chamorro","definition":"Guamanian or Chamorro"},{"code":"2087-5","display":"Guamanian","definition":"Guamanian"},{"code":"2088-3","display":"Chamorro","definition":"Chamorro"},{"code":"2089-1","display":"Mariana Islander","definition":"Mariana Islander"},{"code":"2090-9","display":"Marshallese","definition":"Marshallese"},{"code":"2091-7","display":"Palauan","definition":"Palauan"},{"code":"2092-5","display":"Carolinian","definition":"Carolinian"},{"code":"2093-3","display":"Kosraean","definition":"Kosraean"},{"code":"2094-1","display":"Pohnpeian","definition":"Pohnpeian"},{"code":"2095-8","display":"Saipanese","definition":"Saipanese"},{"code":"2096-6","display":"Kiribati","definition":"Kiribati"},{"code":"2097-4","display":"Chuukese","definition":"Chuukese"},{"code":"2098-2","display":"Yapese","definition":"Yapese"},{"code":"2101-4","display":"Fijian","definition":"Fijian"},{"code":"2102-2","display":"Papua New Guinean","definition":"Papua New Guinean"},{"code":"2103-0","display":"Solomon Islander","definition":"Solomon Islander"},{"code":"2104-8","display":"New Hebrides","definition":"New Hebrides"},{"code":"2108-9","display":"European","definition":"European"},{"code":"2118-8","display":"Middle Eastern or North African","definition":"Middle Eastern or North African"},{"code":"2129-5","display":"Arab","definition":"Arab"},{"code":"2109-7","display":"Armenian","definition":"Armenian"},{"code":"2110-5","display":"English","definition":"English"},{"code":"2111-3","display":"French","definition":"French"},{"code":"2112-1","display":"German","definition":"German"},{"code":"2113-9","display":"Irish","definition":"Irish"},{"code":"2114-7","display":"Italian","definition":"Italian"},{"code":"2115-4","display":"Polish","definition":"Polish"},{"code":"2116-2","display":"Scottish","definition":"Scottish"},{"code":"2119-6","display":"Assyrian","definition":"Assyrian"},{"code":"2120-4","display":"Egyptian","definition":"Egyptian"},{"code":"2121-2","display":"Iranian","definition":"Iranian"},{"code":"2122-0","display":"Iraqi","definition":"Iraqi"},{"code":"2123-8","display":"Lebanese","definition":"Lebanese"},{"code":"2124-6","display":"Palestinian","definition":"Palestinian"},{"code":"2125-3","display":"Syrian","definition":"Syrian"},{"code":"2126-1","display":"Afghanistani","definition":"Afghanistani"},{"code":"2127-9","display":"Israeili","definition":"Israeili"},{"code":"2131-1","display":"Other Race","definition":"Note that this term remains in the table for completeness"}]}]}}